[{"meaning":"대동맥","word":"aorta"},{"meaning":"위대정맥","word":"superior vena cava"},{"meaning":"오른허파동맥","word":"right pulmonary artery"},{"meaning":"오른허파정맥","word":"right pulmonary vein"},{"meaning":"왼허파동맥","word":"left pulmonary artery"},{"meaning":"왼허파정맥","word":"left pulmonary vein"},{"meaning":"왼심방귀","word":"left auricle"},{"meaning":"심장바닥","word":"base of heart"},{"meaning":"아래대정맥","word":"inferior vena cava"},{"meaning":"오른심방","word":"right atrium"},{"meaning":"오른심장동맥","word":"right coronary artery"},{"meaning":"심장정맥굴","word":"coronary sinus"},{"meaning":"왼심실","word":"left ventricle"},{"meaning":"오른심실","word":"right ventricle"},{"meaning":"심장꼭대기","word":"apex of heart"}]