[{"chapter":"뼈대계통","word":"Skull","meaning":"두개골"},{"chapter":"뼈대계통","word":"Spine","meaning":"척추"},{"chapter":"뼈대계통","word":"Femur","meaning":"대퇴골"},{"chapter":"뼈대계통","word":"Humerus","meaning":"상완골"},{"chapter":"뼈대계통","word":"Radius","meaning":"요골"},{"chapter":"뼈대계통","word":"Ulna","meaning":"척골"},{"chapter":"뼈대계통","word":"Pelvis","meaning":"골반"},{"chapter":"뼈대계통","word":"Clavicle","meaning":"쇄골"},{"chapter":"뼈대계통","word":"Scapula","meaning":"견갑골"},{"chapter":"뼈대계통","word":"Tibia","meaning":"경골"},{"chapter":"뼈대계통","word":"Fibula","meaning":"비골"},{"chapter":"뼈대계통","word":"Mandible","meaning":"하악골"},{"chapter":"뼈대계통","word":"Maxilla","meaning":"상악골"},{"chapter":"뼈대계통","word":"Vertebra","meaning":"척추뼈"},{"chapter":"뼈대계통","word":"Sacrum","meaning":"천골"},{"chapter":"뼈대계통","word":"Coccyx","meaning":"미골"},{"chapter":"뼈대계통","word":"Rib","meaning":"갈비뼈"},{"chapter":"뼈대계통","word":"Sternum","meaning":"흉골"},{"chapter":"뼈대계통","word":"Patella","meaning":"슬개골"},{"chapter":"뼈대계통","word":"Carpal","meaning":"수근골"},{"chapter":"뼈대계통","word":"Metacarpal","meaning":"중수골"},{"chapter":"뼈대계통","word":"Phalanges","meaning":"지골"},{"chapter":"뼈대계통","word":"Metatarsal","meaning":"중족골"},{"chapter":"뼈대계통","word":"Tarsal","meaning":"족근골"},{"chapter":"뼈대계통","word":"Bone marrow","meaning":"골수"},{"chapter":"뼈대계통","word":"Compact bone","meaning":"치밀골"},{"chapter":"뼈대계통","word":"Spongy bone","meaning":"해면골"},{"chapter":"뼈대계통","word":"Periosteum","meaning":"골막"},{"chapter":"뼈대계통","word":"Osteocyte","meaning":"뼈세포"},{"chapter":"뼈대계통","word":"Osteoblast","meaning":"골아세포"},{"chapter":"뼈대계통","word":"Osteoclast","meaning":"파골세포"},{"chapter":"뼈대계통","word":"Cartilage","meaning":"연골"},{"chapter":"뼈대계통","word":"Ligament","meaning":"인대"},{"chapter":"뼈대계통","word":"Joint capsule","meaning":"관절낭"},{"chapter":"뼈대계통","word":"Synovial fluid","meaning":"윤활액"},{"chapter":"뼈대계통","word":"Articular cartilage","meaning":"관절연골"},{"chapter":"뼈대계통","word":"Bone density","meaning":"골밀도"},{"chapter":"뼈대계통","word":"Fracture","meaning":"골절"},{"chapter":"뼈대계통","word":"Dislocation","meaning":"탈구"},{"chapter":"뼈대계통","word":"Herniated disc","meaning":"추간판 탈출"},{"chapter":"뼈대계통","word":"Kyphosis","meaning":"척추후만증"},{"chapter":"뼈대계통","word":"Lordosis","meaning":"척추전만증"},{"chapter":"뼈대계통","word":"Scoliosis","meaning":"척추측만증"},{"chapter":"뼈대계통","word":"Arthritis","meaning":"관절염"},{"chapter":"뼈대계통","word":"Osteoporosis","meaning":"골다공증"},{"chapter":"뼈대계통","word":"Bursa","meaning":"윤활낭"},{"chapter":"뼈대계통","word":"Epiphysis","meaning":"골단"},{"chapter":"뼈대계통","word":"Diaphysis","meaning":"골간"},{"chapter":"뼈대계통","word":"Medullary cavity","meaning":"골수강"},{"chapter":"뼈대계통","word":"Axial skeleton","meaning":"몸통뼈대"},{"chapter":"관절계통","word":"Joint","meaning":"관절"},{"chapter":"관절계통","word":"Synovial joint","meaning":"윤활관절"},{"chapter":"관절계통","word":"Fibrous joint","meaning":"섬유관절"},{"chapter":"관절계통","word":"Cartilaginous joint","meaning":"연골관절"},{"chapter":"관절계통","word":"Ball and socket joint","meaning":"구상관절"},{"chapter":"관절계통","word":"Hinge joint","meaning":"경첩관절"},{"chapter":"관절계통","word":"Pivot joint","meaning":"중쇠관절"},{"chapter":"관절계통","word":"Ellipsoidal joint","meaning":"타원관절"},{"chapter":"관절계통","word":"Gliding joint","meaning":"활주관절"},{"chapter":"관절계통","word":"Saddle joint","meaning":"안장관절"},{"chapter":"관절계통","word":"Articulation","meaning":"관절연결"},{"chapter":"관절계통","word":"Ligament","meaning":"인대"},{"chapter":"관절계통","word":"Meniscus","meaning":"반월판"},{"chapter":"관절계통","word":"Bursa","meaning":"윤활낭"},{"chapter":"관절계통","word":"Joint cavity","meaning":"관절강"},{"chapter":"관절계통","word":"Synovial membrane","meaning":"윤활막"},{"chapter":"관절계통","word":"Synovial fluid","meaning":"윤활액"},{"chapter":"관절계통","word":"Capsular ligament","meaning":"관절낭 인대"},{"chapter":"관절계통","word":"Flexion","meaning":"굽힘"},{"chapter":"관절계통","word":"Extension","meaning":"폄"},{"chapter":"관절계통","word":"Abduction","meaning":"벌림"},{"chapter":"관절계통","word":"Adduction","meaning":"모음"},{"chapter":"관절계통","word":"Rotation","meaning":"회전"},{"chapter":"관절계통","word":"Circumduction","meaning":"회선운동"},{"chapter":"관절계통","word":"Sprain","meaning":"염좌"},{"chapter":"관절계통","word":"Strain","meaning":"좌상"},{"chapter":"관절계통","word":"Arthritis","meaning":"관절염"},{"chapter":"관절계통","word":"Osteoarthritis","meaning":"골관절염"},{"chapter":"관절계통","word":"Rheumatoid arthritis","meaning":"류마티스 관절염"},{"chapter":"관절계통","word":"Gout","meaning":"통풍"},{"chapter":"관절계통","word":"Bursitis","meaning":"윤활낭염"},{"chapter":"관절계통","word":"Tendon","meaning":"힘줄"},{"chapter":"관절계통","word":"Tendinitis","meaning":"건염"},{"chapter":"관절계통","word":"Joint effusion","meaning":"관절삼출"},{"chapter":"관절계통","word":"Joint laxity","meaning":"관절이완"},{"chapter":"관절계통","word":"Ankylosis","meaning":"관절강직"},{"chapter":"관절계통","word":"Crepitus","meaning":"염발음"},{"chapter":"관절계통","word":"Subluxation","meaning":"불완전탈구"},{"chapter":"관절계통","word":"Joint dislocation","meaning":"관절탈구"},{"chapter":"관절계통","word":"Prosthetic joint","meaning":"인공관절"},{"chapter":"관절계통","word":"Synovectomy","meaning":"윤활막절제술"},{"chapter":"관절계통","word":"Arthroscopy","meaning":"관절경검사"},{"chapter":"관절계통","word":"Joint replacement","meaning":"관절치환술"},{"chapter":"관절계통","word":"Cracking joints","meaning":"관절소리"},{"chapter":"관절계통","word":"Articular disc","meaning":"관절원반"},{"chapter":"관절계통","word":"Capsule tear","meaning":"관절낭 파열"},{"chapter":"관절계통","word":"Intra-articular","meaning":"관절내"},{"chapter":"관절계통","word":"Extra-articular","meaning":"관절외"},{"chapter":"관절계통","word":"Joint pain","meaning":"관절통"},{"chapter":"관절계통","word":"Joint stiffness","meaning":"관절강직"},{"chapter":"근육계통","word":"Muscle","meaning":"근육"},{"chapter":"근육계통","word":"Skeletal muscle","meaning":"골격근"},{"chapter":"근육계통","word":"Smooth muscle","meaning":"평활근"},{"chapter":"근육계통","word":"Cardiac muscle","meaning":"심장근"},{"chapter":"근육계통","word":"Tendon","meaning":"힘줄"},{"chapter":"근육계통","word":"Myofibril","meaning":"근원섬유"},{"chapter":"근육계통","word":"Sarcomere","meaning":"근절"},{"chapter":"근육계통","word":"Actin","meaning":"액틴"},{"chapter":"근육계통","word":"Myosin","meaning":"미오신"},{"chapter":"근육계통","word":"Muscle fiber","meaning":"근섬유"},{"chapter":"근육계통","word":"Fascicle","meaning":"근육다발"},{"chapter":"근육계통","word":"Epimysium","meaning":"근막"},{"chapter":"근육계통","word":"Perimysium","meaning":"근다발막"},{"chapter":"근육계통","word":"Endomysium","meaning":"근내막"},{"chapter":"근육계통","word":"Neuromuscular junction","meaning":"신경근접합부"},{"chapter":"근육계통","word":"Acetylcholine","meaning":"아세틸콜린"},{"chapter":"근육계통","word":"Motor unit","meaning":"운동단위"},{"chapter":"근육계통","word":"Contraction","meaning":"수축"},{"chapter":"근육계통","word":"Relaxation","meaning":"이완"},{"chapter":"근육계통","word":"Isometric","meaning":"등척성"},{"chapter":"근육계통","word":"Isotonic","meaning":"등장성"},{"chapter":"근육계통","word":"Hypertrophy","meaning":"비대"},{"chapter":"근육계통","word":"Atrophy","meaning":"위축"},{"chapter":"근육계통","word":"Spasm","meaning":"경련"},{"chapter":"근육계통","word":"Cramp","meaning":"쥐남"},{"chapter":"근육계통","word":"Twitch","meaning":"근연축"},{"chapter":"근육계통","word":"Fatigue","meaning":"피로"},{"chapter":"근육계통","word":"Strain","meaning":"좌상"},{"chapter":"근육계통","word":"Sprain","meaning":"염좌"},{"chapter":"근육계통","word":"Tendinitis","meaning":"건염"},{"chapter":"근육계통","word":"Muscular dystrophy","meaning":"근이영양증"},{"chapter":"근육계통","word":"Myalgia","meaning":"근육통"},{"chapter":"근육계통","word":"Fibromyalgia","meaning":"섬유근육통"},{"chapter":"근육계통","word":"Electromyography","meaning":"근전도검사"},{"chapter":"근육계통","word":"Myasthenia gravis","meaning":"중증근무력증"},{"chapter":"근육계통","word":"Flexor","meaning":"굴곡근"},{"chapter":"근육계통","word":"Extensor","meaning":"신전근"},{"chapter":"근육계통","word":"Abductor","meaning":"외전근"},{"chapter":"근육계통","word":"Adductor","meaning":"내전근"},{"chapter":"근육계통","word":"Levator","meaning":"거근"},{"chapter":"근육계통","word":"Depressor","meaning":"하강근"},{"chapter":"근육계통","word":"Rotator","meaning":"회전근"},{"chapter":"근육계통","word":"Supinator","meaning":"회외근"},{"chapter":"근육계통","word":"Pronator","meaning":"회내근"},{"chapter":"근육계통","word":"Intercostal muscles","meaning":"늑간근"},{"chapter":"근육계통","word":"Deltoid","meaning":"삼각근"},{"chapter":"근육계통","word":"Pectoralis major","meaning":"대흉근"},{"chapter":"근육계통","word":"Gluteus maximus","meaning":"대둔근"},{"chapter":"근육계통","word":"Quadriceps","meaning":"대퇴사두근"},{"chapter":"근육계통","word":"Muscle tone","meaning":"근긴장도"},{"chapter":"소화계통","word":"Mouth","meaning":"입"},{"chapter":"소화계통","word":"Teeth","meaning":"치아"},{"chapter":"소화계통","word":"Tongue","meaning":"혀"},{"chapter":"소화계통","word":"Salivary glands","meaning":"침샘"},{"chapter":"소화계통","word":"Pharynx","meaning":"인두"},{"chapter":"소화계통","word":"Esophagus","meaning":"식도"},{"chapter":"소화계통","word":"Stomach","meaning":"위"},{"chapter":"소화계통","word":"Small intestine","meaning":"소장"},{"chapter":"소화계통","word":"Duodenum","meaning":"십이지장"},{"chapter":"소화계통","word":"Jejunum","meaning":"공장"},{"chapter":"소화계통","word":"Ileum","meaning":"회장"},{"chapter":"소화계통","word":"Large intestine","meaning":"대장"},{"chapter":"소화계통","word":"Cecum","meaning":"맹장"},{"chapter":"소화계통","word":"Colon","meaning":"결장"},{"chapter":"소화계통","word":"Ascending colon","meaning":"상행결장"},{"chapter":"소화계통","word":"Transverse colon","meaning":"횡행결장"},{"chapter":"소화계통","word":"Descending colon","meaning":"하행결장"},{"chapter":"소화계통","word":"Sigmoid colon","meaning":"S상결장"},{"chapter":"소화계통","word":"Rectum","meaning":"직장"},{"chapter":"소화계통","word":"Anus","meaning":"항문"},{"chapter":"소화계통","word":"Liver","meaning":"간"},{"chapter":"소화계통","word":"Gallbladder","meaning":"담낭"},{"chapter":"소화계통","word":"Pancreas","meaning":"췌장"},{"chapter":"소화계통","word":"Bile","meaning":"담즙"},{"chapter":"소화계통","word":"Bile duct","meaning":"담관"},{"chapter":"소화계통","word":"Digestive enzymes","meaning":"소화효소"},{"chapter":"소화계통","word":"Peristalsis","meaning":"연동운동"},{"chapter":"소화계통","word":"Chyme","meaning":"유미즙"},{"chapter":"소화계통","word":"Gastric juice","meaning":"위액"},{"chapter":"소화계통","word":"Pepsin","meaning":"펩신"},{"chapter":"소화계통","word":"Hydrochloric acid","meaning":"염산"},{"chapter":"소화계통","word":"Mucus","meaning":"점액"},{"chapter":"소화계통","word":"Absorption","meaning":"흡수"},{"chapter":"소화계통","word":"Digestion","meaning":"소화"},{"chapter":"소화계통","word":"Constipation","meaning":"변비"},{"chapter":"소화계통","word":"Diarrhea","meaning":"설사"},{"chapter":"소화계통","word":"Nausea","meaning":"오심"},{"chapter":"소화계통","word":"Vomiting","meaning":"구토"},{"chapter":"소화계통","word":"Indigestion","meaning":"소화불량"},{"chapter":"소화계통","word":"Acid reflux","meaning":"역류"},{"chapter":"소화계통","word":"Ulcer","meaning":"궤양"},{"chapter":"소화계통","word":"Appendicitis","meaning":"충수염"},{"chapter":"소화계통","word":"Hepatitis","meaning":"간염"},{"chapter":"소화계통","word":"Cirrhosis","meaning":"간경변증"},{"chapter":"소화계통","word":"Gallstones","meaning":"담석"},{"chapter":"소화계통","word":"Pancreatitis","meaning":"췌장염"},{"chapter":"소화계통","word":"Colonoscopy","meaning":"대장내시경"},{"chapter":"소화계통","word":"Endoscopy","meaning":"내시경"},{"chapter":"소화계통","word":"Feces","meaning":"대변"},{"chapter":"소화계통","word":"Flatulence","meaning":"방귀"}]